{
  "name": "dungeons_arise:bandit/bandit_towers/bandit_towers_rooms",
  "fallback": "dungeons_arise:bandit/bandit_towers/bandit_towers_terminators",
  "elements": [
    {
      "weight": 1,
      "element": {
        "location": "dungeons_arise:bandit_towers/bandit_towers_small_room_0",
        "processors": "minecraft:empty",
        "projection": "rigid",
        "element_type": "minecraft:single_pool_element"
      }
    },
    {
      "weight": 1,
      "element": {
        "location": "dungeons_arise:bandit_towers/bandit_towers_small_room_1",
        "processors": "minecraft:empty",
        "projection": "rigid",
        "element_type": "minecraft:single_pool_element"
      }
    },
    {
      "weight": 1,
      "element": {
        "location": "dungeons_arise:bandit_towers/bandit_towers_small_room_2",
        "processors": "minecraft:empty",
        "projection": "rigid",
        "element_type": "minecraft:single_pool_element"
      }
    },
    {
      "weight": 1,
      "element": {
        "location": "dungeons_arise:bandit_towers/bandit_towers_small_room_3",
        "processors": "minecraft:empty",
        "projection": "rigid",
        "element_type": "minecraft:single_pool_element"
      }
    },
    {
      "weight": 2,
      "element": {
        "element_type": "minecraft:empty_pool_element"
      }
    }
  ]
}
