{
  "name": "dungeons_arise:fortified/thornborn_towers/thornborn_towers_hanging",
  "fallback": "dungeons_arise:fortified/thornborn_towers/thornborn_towers_terminators",
  "elements": [
    {
      "weight": 1,
      "element": {
        "location": "dungeons_arise:thornborn_towers/thornborn_towers_hanging_big_0_main",
        "processors": "minecraft:empty",
        "projection": "rigid",
        "element_type": "minecraft:single_pool_element"
      }
    },
    {
      "weight": 1,
      "element": {
        "location": "dungeons_arise:thornborn_towers/thornborn_towers_hanging_big_0_tower",
        "processors": "minecraft:empty",
        "projection": "rigid",
        "element_type": "minecraft:single_pool_element"
      }
    },
    {
      "weight": 1,
      "element": {
        "location": "dungeons_arise:thornborn_towers/thornborn_towers_hanging_big_bottom",
        "processors": "minecraft:empty",
        "projection": "rigid",
        "element_type": "minecraft:single_pool_element"
      }
    },
    {
      "weight": 1,
      "element": {
        "location": "dungeons_arise:thornborn_towers/thornborn_towers_hanging_big_top",
        "processors": "minecraft:empty",
        "projection": "rigid",
        "element_type": "minecraft:single_pool_element"
      }
    },
    {
      "weight": 1,
      "element": {
        "location": "dungeons_arise:thornborn_towers/thornborn_towers_hanging_medium_0",
        "processors": "minecraft:empty",
        "projection": "rigid",
        "element_type": "minecraft:single_pool_element"
      }
    },
    {
      "weight": 1,
      "element": {
        "location": "dungeons_arise:thornborn_towers/thornborn_towers_hanging_medium_1",
        "processors": "minecraft:empty",
        "projection": "rigid",
        "element_type": "minecraft:single_pool_element"
      }
    },
    {
      "weight": 1,
      "element": {
        "location": "dungeons_arise:thornborn_towers/thornborn_towers_hanging_medium_2",
        "processors": "minecraft:empty",
        "projection": "rigid",
        "element_type": "minecraft:single_pool_element"
      }
    },
    {
      "weight": 1,
      "element": {
        "location": "dungeons_arise:thornborn_towers/thornborn_towers_hanging_small_0",
        "processors": "minecraft:empty",
        "projection": "rigid",
        "element_type": "minecraft:single_pool_element"
      }
    },
    {
      "weight": 2,
      "element": {
        "location": "dungeons_arise:thornborn_towers/thornborn_towers_hanging_small_1",
        "processors": "minecraft:empty",
        "projection": "rigid",
        "element_type": "minecraft:single_pool_element"
      }
    },
    {
      "weight": 2,
      "element": {
        "location": "dungeons_arise:thornborn_towers/thornborn_towers_hanging_small_2",
        "processors": "minecraft:empty",
        "projection": "rigid",
        "element_type": "minecraft:single_pool_element"
      }
    },
    {
      "weight": 1,
      "element": {
        "location": "dungeons_arise:thornborn_towers/thornborn_towers_hanging_bridge_0_small",
        "processors": "minecraft:empty",
        "projection": "rigid",
        "element_type": "minecraft:single_pool_element"
      }
    },
    {
      "weight": 5,
      "element": {
        "location": "dungeons_arise:thornborn_towers/thornborn_towers_hanging_bridge_1_small_terminator",
        "processors": "minecraft:empty",
        "projection": "rigid",
        "element_type": "minecraft:single_pool_element"
      }
    },
    {
      "weight": 4,
      "element": {
        "location": "dungeons_arise:thornborn_towers/thornborn_towers_hanging_bridge_2_medium_terminator",
        "processors": "minecraft:empty",
        "projection": "rigid",
        "element_type": "minecraft:single_pool_element"
      }
    }
  ]
}
