{
  "structures": [
    {
      "structure": "dungeons_arise:aviary",
      "weight": 1
    },
    {
      "structure": "dungeons_arise:bandit_towers",
      "weight": 1
    },
    {
      "structure": "dungeons_arise:foundry",
      "weight": 1
    },
    {
      "structure": "dungeons_arise:heavenly_challenger",
      "weight": 1
    },
    {
      "structure": "dungeons_arise:thornborn_towers",
      "weight": 1
    },
    {
      "structure": "dungeons_arise:infested_temple",
      "weight": 1
    },
    {
      "structure": "dungeons_arise:mining_system",
      "weight": 1
    },
    {
      "structure": "dungeons_arise:plague_asylum",
      "weight": 1
    },
    {
      "structure": "dungeons_arise:shiraz_palace",
      "weight": 1
    }
  ],
  "placement": {
    "salt": 29188132,
    "spacing": 100,
    "separation": 80,
    "type": "minecraft:random_spread"
  }
}
